{
  "features": [
    "koi_fpflag_nt",
    "koi_fpflag_ss",
    "koi_fpflag_co",
    "koi_fpflag_ec",
    "koi_period",
    "koi_period_err1",
    "koi_period_err2",
    "koi_time0bk",
    "koi_time0bk_err1",
    "koi_time0bk_err2",
    "koi_impact",
    "koi_impact_err1",
    "koi_impact_err2",
    "koi_duration",
    "koi_duration_err1",
    "koi_duration_err2",
    "koi_depth",
    "koi_depth_err1",
    "koi_depth_err2",
    "koi_prad",
    "koi_prad_err1",
    "koi_prad_err2",
    "koi_teq",
    "koi_insol",
    "koi_insol_err1",
    "koi_insol_err2",
    "koi_model_snr",
    "koi_tce_plnt_num",
    "koi_steff",
    "koi_steff_err1",
    "koi_steff_err2",
    "koi_slogg",
    "koi_slogg_err1",
    "koi_slogg_err2",
    "koi_srad",
    "koi_srad_err1",
    "koi_srad_err2",
    "ra",
    "dec",
    "koi_kepmag"
  ],
  "mean": [
    0.09925925925925926,
    0.0033862433862433864,
    0.0,
    0.0,
    86.45789919311831,
    0.0015473226222849695,
    -0.0015473226222849695,
    166.94496499898412,
    0.009355017615117289,
    -0.009355017615117289,
    0.5270223424983762,
    0.8591207645525629,
    -0.33457176368375324,
    4.6752684656084655,
    0.2908175847089487,
    -0.2908175847089487,
    1181.2842823121887,
    32.5245438748914,
    -32.5245438748914,
    41.43819224940463,
    9.986170166702752,
    -11.464938298332973,
    825.2558995453562,
    716.7988879273043,
    469.0618628299437,
    -328.6512224145391,
    59.09092877246156,
    1.383541039965621,
    5557.842173630656,
    128.42575330587468,
    -139.4054347826087,
    4.370643862307859,
    0.10164123130283981,
    -0.12711706048124866,
    1.2934213033124053,
    0.25550834597875566,
    -0.22678972469109043,
    291.36350164444445,
    44.207794297142854,
    14.339991322751324
  ],
  "scale": [
    6.764088920335289,
    0.05809282866217231,
    1.0,
    1.0,
    1894.1368703493106,
    0.005758906769361408,
    0.005758906769361408,
    63.8544125466256,
    0.021451251676034372,
    0.021451251676034372,
    2.463878487878303,
    5.930756755125313,
    0.611838901425205,
    3.8118357641020206,
    0.5615594496684615,
    0.5615594496684615,
    6095.960002267073,
    77.37710770733018,
    77.37710770733018,
    1662.2362863377728,
    330.14857585313297,
    497.32803703666485,
    466.09788865065724,
    8173.423119725772,
    6653.550347133674,
    4442.551292589152,
    208.62136485268712,
    0.7840174984092698,
    681.8802771522451,
    45.34111002510211,
    58.39255019550425,
    0.3192852318722951,
    0.10449994125494534,
    0.08239811317937881,
    3.502011914445654,
    0.46146624127530456,
    0.6714185252030284,
    4.795180632296086,
    3.6297535473949716,
    1.2679534278366855
  ]
}